{"cameraMode":{"drawMode":0,"name":"Shaded","section":"Shading Mode"},"sceneLighting":false,"audioPlay":false,"sceneViewState":{"showFog":true,"showMaterialUpdate":false,"showSkybox":true,"showFlares":true,"showImageEffects":true,"showParticleSystems":true},"in2DMode":false,"pivot":{"x":264.79864501953127,"y":20.273151397705079,"z":180.75128173828126},"rotation":{"x":0.04898514226078987,"y":-0.9509877562522888,"z":0.2119695097208023,"w":0.21976739168167115},"size":5.570030689239502,"orthographic":false}