{"cameraMode":{"drawMode":0,"name":"Shaded","section":"Shading Mode"},"sceneLighting":false,"audioPlay":false,"sceneViewState":{"showFog":true,"showMaterialUpdate":false,"showSkybox":true,"showFlares":true,"showImageEffects":true,"showParticleSystems":true},"in2DMode":false,"pivot":{"x":263.3765869140625,"y":20.503908157348634,"z":186.31903076171876},"rotation":{"x":0.008777102455496788,"y":0.9892393350601196,"z":-0.1298336237668991,"w":0.06687525659799576},"size":10.961462020874024,"orthographic":false}