{"cameraMode":{"drawMode":0,"name":"Shaded","section":"Shading Mode"},"sceneLighting":false,"audioPlay":false,"sceneViewState":{"showFog":true,"showMaterialUpdate":false,"showSkybox":true,"showFlares":true,"showImageEffects":true,"showParticleSystems":true},"in2DMode":false,"pivot":{"x":267.5652770996094,"y":27.556804656982423,"z":178.28114318847657},"rotation":{"x":0.17300167679786683,"y":-0.03692495822906494,"z":0.0064906165935099129,"w":0.9842075705528259},"size":1.9360218048095704,"orthographic":false}