{"cameraMode":{"drawMode":0,"name":"Shaded","section":"Shading Mode"},"sceneLighting":false,"audioPlay":false,"sceneViewState":{"showFog":true,"showMaterialUpdate":false,"showSkybox":true,"showFlares":true,"showImageEffects":true,"showParticleSystems":true},"in2DMode":false,"pivot":{"x":364.7705078125,"y":11.409578323364258,"z":194.1200714111328},"rotation":{"x":0.015134908258914948,"y":-0.9843780398368836,"z":0.10732555389404297,"w":0.13881941139698029},"size":6.706937313079834,"orthographic":false}