{"cameraMode":{"drawMode":0,"name":"Shaded","section":"Shading Mode"},"sceneLighting":false,"audioPlay":false,"sceneViewState":{"showFog":true,"showMaterialUpdate":false,"showSkybox":false,"showFlares":true,"showImageEffects":true,"showParticleSystems":true},"in2DMode":false,"pivot":{"x":262.08843994140627,"y":21.167476654052736,"z":181.74142456054688},"rotation":{"x":-0.004057988058775663,"y":0.9959412217140198,"z":-0.06432747095823288,"w":-0.06282749772071839},"size":4.682825088500977,"orthographic":false}