{"cameraMode":{"drawMode":0,"name":"Shaded","section":"Shading Mode"},"sceneLighting":false,"audioPlay":false,"sceneViewState":{"showFog":true,"showMaterialUpdate":false,"showSkybox":true,"showFlares":true,"showImageEffects":true,"showParticleSystems":true},"in2DMode":false,"pivot":{"x":263.2381896972656,"y":20.48162841796875,"z":186.85105895996095},"rotation":{"x":-0.021930648013949395,"y":0.9780694246292114,"z":-0.14451880753040315,"w":-0.1484244018793106},"size":9.086440086364746,"orthographic":false}