{"cameraMode":{"drawMode":0,"name":"Shaded","section":"Shading Mode"},"sceneLighting":false,"audioPlay":false,"sceneViewState":{"showFog":true,"showMaterialUpdate":false,"showSkybox":true,"showFlares":true,"showImageEffects":true,"showParticleSystems":true},"in2DMode":false,"pivot":{"x":262.6440124511719,"y":20.299570083618165,"z":187.1209716796875},"rotation":{"x":-0.02927538938820362,"y":0.9702532291412354,"z":-0.1537904590368271,"w":-0.18469098210334779},"size":9.086440086364746,"orthographic":false}